{
  "active": true,
  "find_videos": {
    "ignore_urls": [],
    "patterns": [
      {
        "pattern": "(jawcloud.co/embed-([A-z0-9]+))",
        "url": "https://\\1.html"
      }
    ]
  },
  "free": true,
  "id": "jawcloud",
  "name": "jawcloud",
  "settings": [
    {
      "default": false,
      "enabled": true,
      "id": "black_list",
      "label": "@60654",
      "type": "bool",
      "visible": true
    },
    {
      "default": 0,
      "enabled": true,
      "id": "favorites_servers_list",
      "label": "@60655",
      "lvalues": [
        "No",
        "1",
        "2",
        "3",
        "4",
        "5"
      ],
      "type": "list",
      "visible": false
    }
  ],
  "thumbnail": "https://s8.postimg.cc/b64mzlgxh/jawcloud1.png"
}
